customer_id,name,email,join_date,loyalty_tier,region
1,Customer_1,customer_1@example.com,2023-08-02 22:48:39.685540,Bronze,East
2,Customer_2,customer_2@example.com,2024-09-22 22:48:39.685550,Bronze,South
3,Customer_3,customer_3@example.com,2023-06-04 22:48:39.685552,Silver,South
4,Customer_4,customer_4@example.com,2023-11-09 22:48:39.685553,Bronze,West
5,Customer_5,customer_5@example.com,2023-12-18 22:48:39.685554,Bronze,East
6,Customer_6,customer_6@example.com,2023-02-20 22:48:39.685555,Bronze,East
7,Customer_7,customer_7@example.com,2023-09-19 22:48:39.685556,Silver,East
8,Customer_8,customer_8@example.com,2024-06-11 22:48:39.685557,Bronze,South
9,Customer_9,customer_9@example.com,2023-10-10 22:48:39.685557,Gold,North
10,Customer_10,customer_10@example.com,2024-05-17 22:48:39.685558,Bronze,North
11,Customer_11,customer_11@example.com,2025-02-18 22:48:39.685559,Bronze,North
12,Customer_12,customer_12@example.com,2025-01-17 22:48:39.685560,Gold,East
13,Customer_13,customer_13@example.com,2025-06-26 22:48:39.685561,Silver,West
14,Customer_14,customer_14@example.com,2024-02-21 22:48:39.685561,Silver,West
15,Customer_15,customer_15@example.com,2024-07-23 22:48:39.685562,Bronze,South
16,Customer_16,customer_16@example.com,2023-10-20 22:48:39.685563,Bronze,North
17,Customer_17,customer_17@example.com,2024-09-03 22:48:39.685564,Silver,South
18,Customer_18,customer_18@example.com,2022-12-24 22:48:39.685564,Bronze,South
19,Customer_19,customer_19@example.com,2023-01-25 22:48:39.685565,Silver,North
20,Customer_20,customer_20@example.com,2024-11-21 22:48:39.685566,Silver,East
21,Customer_21,customer_21@example.com,2025-02-09 22:48:39.685567,Bronze,West
22,Customer_22,customer_22@example.com,2024-07-04 22:48:39.685567,Silver,West
23,Customer_23,customer_23@example.com,2024-07-22 22:48:39.685568,Bronze,West
24,Customer_24,customer_24@example.com,2025-06-02 22:48:39.685569,Bronze,South
25,Customer_25,customer_25@example.com,2023-11-22 22:48:39.685570,Bronze,West
26,Customer_26,customer_26@example.com,2022-12-24 22:48:39.685570,Bronze,West
27,Customer_27,customer_27@example.com,2024-11-24 22:48:39.685571,Bronze,East
28,Customer_28,customer_28@example.com,2024-01-04 22:48:39.685572,Bronze,West
29,Customer_29,customer_29@example.com,2023-09-18 22:48:39.685572,Bronze,East
30,Customer_30,customer_30@example.com,2024-04-03 22:48:39.685573,Silver,North
31,Customer_31,customer_31@example.com,2023-08-25 22:48:39.685574,Bronze,East
32,Customer_32,customer_32@example.com,2023-01-15 22:48:39.685575,Silver,North
33,Customer_33,customer_33@example.com,2024-06-09 22:48:39.685575,Bronze,West
34,Customer_34,customer_34@example.com,2025-04-22 22:48:39.685576,Silver,West
35,Customer_35,customer_35@example.com,2023-11-17 22:48:39.685577,Bronze,West
36,Customer_36,customer_36@example.com,2025-04-02 22:48:39.685578,Bronze,South
37,Customer_37,customer_37@example.com,2024-02-05 22:48:39.685578,Bronze,West
38,Customer_38,customer_38@example.com,2023-04-02 22:48:39.685579,Bronze,South
39,Customer_39,customer_39@example.com,2024-04-03 22:48:39.685580,Silver,West
40,Customer_40,customer_40@example.com,2024-11-16 22:48:39.685581,Bronze,North
41,Customer_41,customer_41@example.com,2023-09-23 22:48:39.685581,Gold,North
42,Customer_42,customer_42@example.com,2025-03-21 22:48:39.685582,Bronze,South
43,Customer_43,customer_43@example.com,2023-04-30 22:48:39.685583,Silver,East
44,Customer_44,customer_44@example.com,2023-02-05 22:48:39.685584,Bronze,West
45,Customer_45,customer_45@example.com,2025-02-15 22:48:39.685584,Bronze,West
46,Customer_46,customer_46@example.com,2022-11-09 22:48:39.685585,Bronze,North
47,Customer_47,customer_47@example.com,2025-06-05 22:48:39.685586,Gold,West
48,Customer_48,customer_48@example.com,2024-09-22 22:48:39.685587,Bronze,South
49,Customer_49,customer_49@example.com,2023-03-20 22:48:39.685587,Bronze,South
50,Customer_50,customer_50@example.com,2024-11-03 22:48:39.685588,Bronze,West
51,Customer_51,customer_51@example.com,2024-05-13 22:48:39.685589,Bronze,East
52,Customer_52,customer_52@example.com,2025-01-26 22:48:39.685589,Bronze,West
53,Customer_53,customer_53@example.com,2025-04-02 22:48:39.685590,Bronze,West
54,Customer_54,customer_54@example.com,2023-11-05 22:48:39.685591,Silver,South
55,Customer_55,customer_55@example.com,2023-01-02 22:48:39.685592,Bronze,East
56,Customer_56,customer_56@example.com,2025-02-22 22:48:39.685592,Bronze,South
57,Customer_57,customer_57@example.com,2022-12-18 22:48:39.685593,Silver,South
58,Customer_58,customer_58@example.com,2024-12-31 22:48:39.685594,Bronze,East
59,Customer_59,customer_59@example.com,2023-03-01 22:48:39.685595,Bronze,East
60,Customer_60,customer_60@example.com,2024-11-18 22:48:39.685595,Bronze,North
61,Customer_61,customer_61@example.com,2024-07-14 22:48:39.685596,Bronze,West
62,Customer_62,customer_62@example.com,2023-01-14 22:48:39.685597,Bronze,East
63,Customer_63,customer_63@example.com,2024-09-11 22:48:39.685598,Bronze,West
64,Customer_64,customer_64@example.com,2024-04-13 22:48:39.685598,Bronze,East
65,Customer_65,customer_65@example.com,2024-11-25 22:48:39.685599,Silver,South
66,Customer_66,customer_66@example.com,2024-05-18 22:48:39.685600,Bronze,East
67,Customer_67,customer_67@example.com,2024-12-13 22:48:39.685601,Bronze,North
68,Customer_68,customer_68@example.com,2025-01-27 22:48:39.685601,Silver,North
69,Customer_69,customer_69@example.com,2025-02-27 22:48:39.685602,Gold,South
70,Customer_70,customer_70@example.com,2023-07-11 22:48:39.685603,Bronze,North
71,Customer_71,customer_71@example.com,2025-04-14 22:48:39.685604,Silver,North
72,Customer_72,customer_72@example.com,2025-01-02 22:48:39.685604,Silver,East
73,Customer_73,customer_73@example.com,2023-03-03 22:48:39.685605,Bronze,North
74,Customer_74,customer_74@example.com,2024-03-13 22:48:39.685606,Gold,West
75,Customer_75,customer_75@example.com,2024-05-28 22:48:39.685607,Bronze,West
76,Customer_76,customer_76@example.com,2024-08-29 22:48:39.685607,Silver,East
77,Customer_77,customer_77@example.com,2023-03-17 22:48:39.685608,Bronze,South
78,Customer_78,customer_78@example.com,2025-01-17 22:48:39.685609,Bronze,East
79,Customer_79,customer_79@example.com,2023-04-04 22:48:39.685610,Bronze,South
80,Customer_80,customer_80@example.com,2023-06-09 22:48:39.685610,Bronze,South
81,Customer_81,customer_81@example.com,2023-06-20 22:48:39.685611,Silver,East
82,Customer_82,customer_82@example.com,2025-03-25 22:48:39.685612,Bronze,West
83,Customer_83,customer_83@example.com,2022-12-04 22:48:39.685613,Silver,North
84,Customer_84,customer_84@example.com,2023-06-07 22:48:39.685613,Bronze,South
85,Customer_85,customer_85@example.com,2025-03-12 22:48:39.685614,Bronze,East
86,Customer_86,customer_86@example.com,2024-06-28 22:48:39.685615,Silver,West
87,Customer_87,customer_87@example.com,2024-08-26 22:48:39.685616,Bronze,West
88,Customer_88,customer_88@example.com,2024-12-31 22:48:39.685616,Bronze,North
89,Customer_89,customer_89@example.com,2023-12-24 22:48:39.685617,Silver,North
90,Customer_90,customer_90@example.com,2023-07-24 22:48:39.685618,Bronze,North
91,Customer_91,customer_91@example.com,2022-11-18 22:48:39.685619,Bronze,West
92,Customer_92,customer_92@example.com,2023-04-08 22:48:39.685619,Silver,North
93,Customer_93,customer_93@example.com,2024-02-14 22:48:39.685620,Silver,West
94,Customer_94,customer_94@example.com,2024-06-21 22:48:39.685621,Bronze,East
95,Customer_95,customer_95@example.com,2023-04-26 22:48:39.685622,Bronze,West
96,Customer_96,customer_96@example.com,2023-02-08 22:48:39.685622,Bronze,North
97,Customer_97,customer_97@example.com,2023-09-19 22:48:39.685623,Bronze,North
98,Customer_98,customer_98@example.com,2024-01-31 22:48:39.685624,Bronze,East
99,Customer_99,customer_99@example.com,2025-02-21 22:48:39.685625,Bronze,East
100,Customer_100,customer_100@example.com,2024-01-26 22:48:39.685625,Bronze,North
101,Customer_101,customer_101@example.com,2022-12-27 22:48:39.685626,Bronze,West
102,Customer_102,customer_102@example.com,2023-11-21 22:48:39.685627,Bronze,East
103,Customer_103,customer_103@example.com,2023-03-18 22:48:39.685628,Silver,West
104,Customer_104,customer_104@example.com,2025-01-04 22:48:39.685628,Bronze,West
105,Customer_105,customer_105@example.com,2023-10-31 22:48:39.685629,Gold,East
106,Customer_106,customer_106@example.com,2023-05-28 22:48:39.685630,Bronze,South
107,Customer_107,customer_107@example.com,2023-07-30 22:48:39.685631,Bronze,South
108,Customer_108,customer_108@example.com,2023-10-17 22:48:39.685631,Gold,North
109,Customer_109,customer_109@example.com,2023-01-13 22:48:39.685632,Silver,South
110,Customer_110,customer_110@example.com,2024-06-03 22:48:39.685633,Silver,East
111,Customer_111,customer_111@example.com,2024-12-04 22:48:39.685634,Bronze,North
112,Customer_112,customer_112@example.com,2024-11-01 22:48:39.685634,Bronze,West
113,Customer_113,customer_113@example.com,2024-01-06 22:48:39.685635,Bronze,West
114,Customer_114,customer_114@example.com,2025-05-26 22:48:39.685636,Silver,North
115,Customer_115,customer_115@example.com,2025-04-11 22:48:39.685637,Bronze,North
116,Customer_116,customer_116@example.com,2025-01-04 22:48:39.685637,Bronze,West
117,Customer_117,customer_117@example.com,2024-02-28 22:48:39.685638,Gold,East
118,Customer_118,customer_118@example.com,2023-07-31 22:48:39.685639,Bronze,South
119,Customer_119,customer_119@example.com,2024-09-27 22:48:39.685640,Bronze,South
120,Customer_120,customer_120@example.com,2025-06-12 22:48:39.685640,Bronze,East
121,Customer_121,customer_121@example.com,2023-12-17 22:48:39.685641,Silver,West
122,Customer_122,customer_122@example.com,2025-03-30 22:48:39.685642,Bronze,South
123,Customer_123,customer_123@example.com,2024-09-14 22:48:39.685643,Bronze,South
124,Customer_124,customer_124@example.com,2025-01-23 22:48:39.685643,Bronze,South
125,Customer_125,customer_125@example.com,2023-06-07 22:48:39.685644,Bronze,North
126,Customer_126,customer_126@example.com,2024-03-14 22:48:39.685645,Silver,West
127,Customer_127,customer_127@example.com,2025-01-26 22:48:39.685646,Silver,South
128,Customer_128,customer_128@example.com,2022-12-19 22:48:39.685646,Bronze,East
129,Customer_129,customer_129@example.com,2023-07-22 22:48:39.685647,Bronze,East
130,Customer_130,customer_130@example.com,2024-12-02 22:48:39.685648,Silver,East
131,Customer_131,customer_131@example.com,2025-05-09 22:48:39.685649,Bronze,West
132,Customer_132,customer_132@example.com,2024-05-16 22:48:39.685649,Silver,North
133,Customer_133,customer_133@example.com,2024-06-17 22:48:39.685650,Silver,North
134,Customer_134,customer_134@example.com,2023-11-14 22:48:39.685651,Silver,West
135,Customer_135,customer_135@example.com,2025-03-23 22:48:39.685652,Bronze,North
136,Customer_136,customer_136@example.com,2024-01-20 22:48:39.685652,Bronze,East
137,Customer_137,customer_137@example.com,2023-07-31 22:48:39.685653,Silver,South
138,Customer_138,customer_138@example.com,2023-09-11 22:48:39.685654,Bronze,South
139,Customer_139,customer_139@example.com,2024-07-14 22:48:39.685655,Silver,North
140,Customer_140,customer_140@example.com,2025-03-22 22:48:39.685655,Gold,West
141,Customer_141,customer_141@example.com,2023-01-22 22:48:39.685656,Silver,West
142,Customer_142,customer_142@example.com,2023-10-20 22:48:39.685657,Silver,East
143,Customer_143,customer_143@example.com,2025-07-11 22:48:39.685657,Gold,East
144,Customer_144,customer_144@example.com,2024-03-08 22:48:39.685658,Bronze,West
145,Customer_145,customer_145@example.com,2023-02-27 22:48:39.685659,Bronze,West
146,Customer_146,customer_146@example.com,2024-06-30 22:48:39.685660,Bronze,South
147,Customer_147,customer_147@example.com,2025-05-23 22:48:39.685660,Bronze,West
148,Customer_148,customer_148@example.com,2025-05-09 22:48:39.685661,Bronze,West
149,Customer_149,customer_149@example.com,2023-06-27 22:48:39.685662,Bronze,East
150,Customer_150,customer_150@example.com,2024-02-03 22:48:39.685663,Silver,West
151,Customer_151,customer_151@example.com,2023-04-27 22:48:39.685663,Gold,West
152,Customer_152,customer_152@example.com,2023-05-01 22:48:39.685664,Bronze,West
153,Customer_153,customer_153@example.com,2023-06-22 22:48:39.685665,Silver,East
154,Customer_154,customer_154@example.com,2024-11-02 22:48:39.685666,Bronze,North
155,Customer_155,customer_155@example.com,2023-11-23 22:48:39.685666,Silver,West
156,Customer_156,customer_156@example.com,2024-04-15 22:48:39.685667,Bronze,West
157,Customer_157,customer_157@example.com,2023-12-03 22:48:39.685668,Silver,East
158,Customer_158,customer_158@example.com,2023-11-15 22:48:39.685669,Bronze,North
159,Customer_159,customer_159@example.com,2024-07-10 22:48:39.685669,Bronze,South
160,Customer_160,customer_160@example.com,2024-02-02 22:48:39.685670,Bronze,West
161,Customer_161,customer_161@example.com,2023-03-26 22:48:39.685671,Bronze,North
162,Customer_162,customer_162@example.com,2023-11-14 22:48:39.685672,Bronze,West
163,Customer_163,customer_163@example.com,2023-05-30 22:48:39.685672,Bronze,South
164,Customer_164,customer_164@example.com,2023-08-05 22:48:39.685673,Silver,West
165,Customer_165,customer_165@example.com,2025-05-18 22:48:39.685674,Bronze,South
166,Customer_166,customer_166@example.com,2023-01-28 22:48:39.685675,Bronze,West
167,Customer_167,customer_167@example.com,2024-10-13 22:48:39.685675,Gold,West
168,Customer_168,customer_168@example.com,2023-09-21 22:48:39.685676,Silver,West
169,Customer_169,customer_169@example.com,2023-10-15 22:48:39.685677,Bronze,South
170,Customer_170,customer_170@example.com,2023-02-23 22:48:39.685677,Silver,East
171,Customer_171,customer_171@example.com,2022-11-18 22:48:39.685678,Bronze,North
172,Customer_172,customer_172@example.com,2023-09-19 22:48:39.685679,Bronze,South
173,Customer_173,customer_173@example.com,2024-08-22 22:48:39.685680,Silver,East
174,Customer_174,customer_174@example.com,2023-04-26 22:48:39.685680,Bronze,East
175,Customer_175,customer_175@example.com,2023-09-10 22:48:39.685681,Bronze,North
176,Customer_176,customer_176@example.com,2024-10-22 22:48:39.685682,Silver,East
177,Customer_177,customer_177@example.com,2023-06-10 22:48:39.685683,Bronze,South
178,Customer_178,customer_178@example.com,2024-07-12 22:48:39.685683,Bronze,South
179,Customer_179,customer_179@example.com,2024-06-28 22:48:39.685684,Bronze,South
180,Customer_180,customer_180@example.com,2023-08-05 22:48:39.685685,Bronze,North
181,Customer_181,customer_181@example.com,2022-11-18 22:48:39.685686,Bronze,East
182,Customer_182,customer_182@example.com,2025-05-07 22:48:39.685686,Gold,East
183,Customer_183,customer_183@example.com,2025-04-13 22:48:39.685687,Bronze,North
184,Customer_184,customer_184@example.com,2023-11-16 22:48:39.685688,Bronze,West
185,Customer_185,customer_185@example.com,2024-05-15 22:48:39.685688,Gold,East
186,Customer_186,customer_186@example.com,2024-06-16 22:48:39.685689,Bronze,South
187,Customer_187,customer_187@example.com,2023-11-29 22:48:39.685690,Bronze,West
188,Customer_188,customer_188@example.com,2024-06-19 22:48:39.685691,Bronze,West
189,Customer_189,customer_189@example.com,2025-02-22 22:48:39.685691,Bronze,South
190,Customer_190,customer_190@example.com,2024-12-28 22:48:39.685692,Bronze,East
191,Customer_191,customer_191@example.com,2024-12-11 22:48:39.685693,Gold,North
192,Customer_192,customer_192@example.com,2025-02-17 22:48:39.685694,Bronze,West
193,Customer_193,customer_193@example.com,2024-12-23 22:48:39.685694,Bronze,West
194,Customer_194,customer_194@example.com,2024-12-06 22:48:39.685695,Bronze,South
195,Customer_195,customer_195@example.com,2024-07-22 22:48:39.685696,Bronze,South
196,Customer_196,customer_196@example.com,2022-10-28 22:48:39.685696,Silver,East
197,Customer_197,customer_197@example.com,2025-02-11 22:48:39.685697,Gold,South
198,Customer_198,customer_198@example.com,2023-02-06 22:48:39.685698,Bronze,West
199,Customer_199,customer_199@example.com,2023-12-01 22:48:39.685699,Silver,North
200,Customer_200,customer_200@example.com,2024-12-12 22:48:39.685699,Bronze,South
201,Customer_201,customer_201@example.com,2024-05-03 22:48:39.685700,Bronze,South
202,Customer_202,customer_202@example.com,2025-02-27 22:48:39.685701,Bronze,East
203,Customer_203,customer_203@example.com,2024-02-01 22:48:39.685702,Bronze,East
204,Customer_204,customer_204@example.com,2024-12-13 22:48:39.685703,Silver,North
205,Customer_205,customer_205@example.com,2023-01-04 22:48:39.685703,Bronze,South
206,Customer_206,customer_206@example.com,2023-08-07 22:48:39.685704,Bronze,East
207,Customer_207,customer_207@example.com,2024-04-25 22:48:39.685705,Bronze,East
208,Customer_208,customer_208@example.com,2024-11-05 22:48:39.685705,Silver,East
209,Customer_209,customer_209@example.com,2024-09-21 22:48:39.685706,Gold,North
210,Customer_210,customer_210@example.com,2023-09-02 22:48:39.685707,Gold,South
211,Customer_211,customer_211@example.com,2023-11-23 22:48:39.685708,Silver,South
212,Customer_212,customer_212@example.com,2024-03-21 22:48:39.685708,Bronze,West
213,Customer_213,customer_213@example.com,2025-04-27 22:48:39.685709,Bronze,North
214,Customer_214,customer_214@example.com,2025-05-03 22:48:39.685710,Bronze,West
215,Customer_215,customer_215@example.com,2024-12-12 22:48:39.685711,Bronze,East
216,Customer_216,customer_216@example.com,2022-12-18 22:48:39.685711,Silver,North
217,Customer_217,customer_217@example.com,2024-09-27 22:48:39.685712,Bronze,East
218,Customer_218,customer_218@example.com,2023-10-21 22:48:39.685713,Gold,West
219,Customer_219,customer_219@example.com,2023-02-17 22:48:39.685714,Bronze,West
220,Customer_220,customer_220@example.com,2023-07-08 22:48:39.685714,Silver,South
221,Customer_221,customer_221@example.com,2023-03-21 22:48:39.685715,Bronze,East
222,Customer_222,customer_222@example.com,2024-03-28 22:48:39.685716,Bronze,West
223,Customer_223,customer_223@example.com,2024-06-09 22:48:39.685717,Silver,North
224,Customer_224,customer_224@example.com,2024-09-28 22:48:39.685717,Bronze,West
225,Customer_225,customer_225@example.com,2024-08-28 22:48:39.685718,Bronze,North
226,Customer_226,customer_226@example.com,2023-12-03 22:48:39.685719,Silver,South
227,Customer_227,customer_227@example.com,2023-08-17 22:48:39.685720,Bronze,North
228,Customer_228,customer_228@example.com,2022-11-08 22:48:39.685720,Silver,North
229,Customer_229,customer_229@example.com,2024-06-27 22:48:39.685721,Gold,South
230,Customer_230,customer_230@example.com,2024-06-12 22:48:39.685722,Bronze,South
231,Customer_231,customer_231@example.com,2023-04-03 22:48:39.685722,Bronze,East
232,Customer_232,customer_232@example.com,2024-08-13 22:48:39.685723,Silver,North
233,Customer_233,customer_233@example.com,2023-01-14 22:48:39.685724,Bronze,East
234,Customer_234,customer_234@example.com,2025-01-13 22:48:39.685725,Bronze,South
235,Customer_235,customer_235@example.com,2024-11-29 22:48:39.685725,Silver,South
236,Customer_236,customer_236@example.com,2025-01-01 22:48:39.685726,Silver,East
237,Customer_237,customer_237@example.com,2025-02-08 22:48:39.685727,Bronze,East
238,Customer_238,customer_238@example.com,2023-08-15 22:48:39.685728,Bronze,South
239,Customer_239,customer_239@example.com,2022-10-26 22:48:39.685728,Silver,West
240,Customer_240,customer_240@example.com,2023-06-12 22:48:39.685729,Gold,South
241,Customer_241,customer_241@example.com,2023-06-08 22:48:39.685730,Bronze,West
242,Customer_242,customer_242@example.com,2025-01-17 22:48:39.685731,Silver,East
243,Customer_243,customer_243@example.com,2024-05-24 22:48:39.685731,Silver,South
244,Customer_244,customer_244@example.com,2025-04-03 22:48:39.685732,Bronze,West
245,Customer_245,customer_245@example.com,2023-01-04 22:48:39.685733,Bronze,North
246,Customer_246,customer_246@example.com,2024-02-27 22:48:39.685734,Bronze,South
247,Customer_247,customer_247@example.com,2025-06-30 22:48:39.685734,Silver,South
248,Customer_248,customer_248@example.com,2023-10-13 22:48:39.685735,Bronze,South
249,Customer_249,customer_249@example.com,2024-06-21 22:48:39.685736,Bronze,South
250,Customer_250,customer_250@example.com,2024-02-06 22:48:39.685737,Gold,East
251,Customer_251,customer_251@example.com,2024-04-17 22:48:39.685737,Silver,South
252,Customer_252,customer_252@example.com,2024-12-12 22:48:39.685738,Silver,East
253,Customer_253,customer_253@example.com,2024-11-19 22:48:39.685739,Bronze,West
254,Customer_254,customer_254@example.com,2024-09-12 22:48:39.685740,Silver,West
255,Customer_255,customer_255@example.com,2023-07-07 22:48:39.685740,Gold,West
256,Customer_256,customer_256@example.com,2025-05-13 22:48:39.685741,Gold,South
257,Customer_257,customer_257@example.com,2025-03-25 22:48:39.685742,Bronze,South
258,Customer_258,customer_258@example.com,2024-06-20 22:48:39.685742,Bronze,South
259,Customer_259,customer_259@example.com,2023-12-01 22:48:39.685743,Bronze,East
260,Customer_260,customer_260@example.com,2024-06-28 22:48:39.685744,Bronze,East
261,Customer_261,customer_261@example.com,2024-03-07 22:48:39.685745,Bronze,South
262,Customer_262,customer_262@example.com,2024-06-01 22:48:39.685746,Silver,West
263,Customer_263,customer_263@example.com,2024-04-12 22:48:39.685746,Bronze,East
264,Customer_264,customer_264@example.com,2023-06-21 22:48:39.685747,Bronze,West
265,Customer_265,customer_265@example.com,2024-08-24 22:48:39.685748,Gold,South
266,Customer_266,customer_266@example.com,2025-07-03 22:48:39.685749,Silver,North
267,Customer_267,customer_267@example.com,2025-01-16 22:48:39.685749,Bronze,East
268,Customer_268,customer_268@example.com,2024-06-01 22:48:39.685750,Bronze,North
269,Customer_269,customer_269@example.com,2023-11-25 22:48:39.685751,Bronze,East
270,Customer_270,customer_270@example.com,2023-06-25 22:48:39.685752,Bronze,East
271,Customer_271,customer_271@example.com,2024-06-28 22:48:39.685752,Silver,North
272,Customer_272,customer_272@example.com,2023-12-21 22:48:39.685753,Silver,West
273,Customer_273,customer_273@example.com,2024-01-09 22:48:39.685754,Bronze,East
274,Customer_274,customer_274@example.com,2023-12-03 22:48:39.685755,Bronze,North
275,Customer_275,customer_275@example.com,2025-05-26 22:48:39.685755,Gold,North
276,Customer_276,customer_276@example.com,2024-10-20 22:48:39.685756,Gold,South
277,Customer_277,customer_277@example.com,2023-01-03 22:48:39.685757,Bronze,South
278,Customer_278,customer_278@example.com,2024-05-17 22:48:39.685758,Gold,West
279,Customer_279,customer_279@example.com,2023-09-21 22:48:39.685758,Bronze,East
280,Customer_280,customer_280@example.com,2022-12-10 22:48:39.685759,Bronze,East
281,Customer_281,customer_281@example.com,2024-06-02 22:48:39.685760,Bronze,North
282,Customer_282,customer_282@example.com,2024-06-04 22:48:39.685761,Silver,South
283,Customer_283,customer_283@example.com,2023-05-08 22:48:39.685761,Silver,South
284,Customer_284,customer_284@example.com,2023-07-13 22:48:39.685762,Silver,North
285,Customer_285,customer_285@example.com,2024-02-29 22:48:39.685763,Gold,West
286,Customer_286,customer_286@example.com,2025-05-14 22:48:39.685764,Bronze,West
287,Customer_287,customer_287@example.com,2025-02-07 22:48:39.685764,Bronze,North
288,Customer_288,customer_288@example.com,2024-01-27 22:48:39.685765,Bronze,West
289,Customer_289,customer_289@example.com,2025-05-14 22:48:39.685766,Gold,East
290,Customer_290,customer_290@example.com,2023-06-20 22:48:39.685767,Bronze,East
291,Customer_291,customer_291@example.com,2023-03-20 22:48:39.685767,Silver,West
292,Customer_292,customer_292@example.com,2024-11-15 22:48:39.685768,Silver,East
293,Customer_293,customer_293@example.com,2023-10-26 22:48:39.685769,Bronze,West
294,Customer_294,customer_294@example.com,2024-08-30 22:48:39.685770,Bronze,North
295,Customer_295,customer_295@example.com,2024-10-13 22:48:39.685770,Bronze,North
296,Customer_296,customer_296@example.com,2023-10-07 22:48:39.685771,Silver,South
297,Customer_297,customer_297@example.com,2023-09-18 22:48:39.685772,Bronze,North
298,Customer_298,customer_298@example.com,2024-05-18 22:48:39.685773,Bronze,South
299,Customer_299,customer_299@example.com,2025-05-23 22:48:39.685773,Gold,East
300,Customer_300,customer_300@example.com,2022-11-05 22:48:39.685774,Silver,West
301,Customer_301,customer_301@example.com,2024-08-02 22:48:39.685775,Silver,East
302,Customer_302,customer_302@example.com,2023-07-11 22:48:39.685776,Silver,East
303,Customer_303,customer_303@example.com,2023-02-07 22:48:39.685776,Silver,South
304,Customer_304,customer_304@example.com,2024-06-02 22:48:39.685777,Bronze,South
305,Customer_305,customer_305@example.com,2024-01-26 22:48:39.685778,Gold,East
306,Customer_306,customer_306@example.com,2025-01-20 22:48:39.685779,Bronze,West
307,Customer_307,customer_307@example.com,2025-01-04 22:48:39.685779,Bronze,West
308,Customer_308,customer_308@example.com,2023-11-08 22:48:39.685780,Bronze,East
309,Customer_309,customer_309@example.com,2023-08-01 22:48:39.685781,Bronze,South
310,Customer_310,customer_310@example.com,2023-05-23 22:48:39.685782,Silver,East
311,Customer_311,customer_311@example.com,2024-02-17 22:48:39.685782,Bronze,North
312,Customer_312,customer_312@example.com,2024-06-23 22:48:39.685783,Bronze,South
313,Customer_313,customer_313@example.com,2024-08-28 22:48:39.685784,Gold,North
314,Customer_314,customer_314@example.com,2023-12-25 22:48:39.685785,Silver,South
315,Customer_315,customer_315@example.com,2023-12-11 22:48:39.685786,Silver,North
316,Customer_316,customer_316@example.com,2025-04-25 22:48:39.685786,Silver,South
317,Customer_317,customer_317@example.com,2025-05-16 22:48:39.685787,Bronze,East
318,Customer_318,customer_318@example.com,2024-11-25 22:48:39.685788,Bronze,North
319,Customer_319,customer_319@example.com,2023-01-24 22:48:39.685788,Bronze,South
320,Customer_320,customer_320@example.com,2025-01-08 22:48:39.685789,Bronze,North
321,Customer_321,customer_321@example.com,2023-08-10 22:48:39.685790,Bronze,South
322,Customer_322,customer_322@example.com,2023-11-24 22:48:39.685791,Bronze,East
323,Customer_323,customer_323@example.com,2025-01-19 22:48:39.685792,Bronze,West
324,Customer_324,customer_324@example.com,2023-12-26 22:48:39.685792,Bronze,West
325,Customer_325,customer_325@example.com,2024-04-01 22:48:39.685793,Silver,North
326,Customer_326,customer_326@example.com,2023-08-12 22:48:39.685794,Silver,South
327,Customer_327,customer_327@example.com,2024-03-31 22:48:39.685795,Bronze,South
328,Customer_328,customer_328@example.com,2023-06-06 22:48:39.685795,Silver,West
329,Customer_329,customer_329@example.com,2025-02-03 22:48:39.685796,Bronze,South
330,Customer_330,customer_330@example.com,2023-03-10 22:48:39.685798,Bronze,East
331,Customer_331,customer_331@example.com,2025-06-28 22:48:39.685799,Bronze,East
332,Customer_332,customer_332@example.com,2025-04-14 22:48:39.685800,Silver,West
333,Customer_333,customer_333@example.com,2024-04-06 22:48:39.685801,Bronze,South
334,Customer_334,customer_334@example.com,2024-12-20 22:48:39.685801,Bronze,North
335,Customer_335,customer_335@example.com,2022-10-27 22:48:39.685802,Silver,East
336,Customer_336,customer_336@example.com,2023-06-15 22:48:39.685803,Silver,South
337,Customer_337,customer_337@example.com,2023-05-30 22:48:39.685804,Bronze,West
338,Customer_338,customer_338@example.com,2025-05-28 22:48:39.685804,Silver,West
339,Customer_339,customer_339@example.com,2023-01-23 22:48:39.685805,Silver,South
340,Customer_340,customer_340@example.com,2023-08-28 22:48:39.685806,Silver,South
341,Customer_341,customer_341@example.com,2022-12-16 22:48:39.685807,Silver,North
342,Customer_342,customer_342@example.com,2025-02-20 22:48:39.685807,Bronze,East
343,Customer_343,customer_343@example.com,2023-11-07 22:48:39.685808,Bronze,South
344,Customer_344,customer_344@example.com,2022-12-26 22:48:39.685809,Bronze,East
345,Customer_345,customer_345@example.com,2023-08-11 22:48:39.685810,Gold,South
346,Customer_346,customer_346@example.com,2024-11-14 22:48:39.685810,Bronze,North
347,Customer_347,customer_347@example.com,2023-08-05 22:48:39.685811,Bronze,West
348,Customer_348,customer_348@example.com,2024-06-29 22:48:39.685812,Bronze,East
349,Customer_349,customer_349@example.com,2025-03-14 22:48:39.685813,Bronze,North
350,Customer_350,customer_350@example.com,2023-03-30 22:48:39.685813,Bronze,East
351,Customer_351,customer_351@example.com,2023-03-19 22:48:39.685814,Silver,East
352,Customer_352,customer_352@example.com,2023-05-14 22:48:39.685815,Bronze,North
353,Customer_353,customer_353@example.com,2023-02-19 22:48:39.685816,Bronze,West
354,Customer_354,customer_354@example.com,2023-05-25 22:48:39.685816,Silver,North
355,Customer_355,customer_355@example.com,2023-11-12 22:48:39.685817,Bronze,South
356,Customer_356,customer_356@example.com,2023-02-05 22:48:39.685818,Silver,North
357,Customer_357,customer_357@example.com,2025-03-11 22:48:39.685819,Silver,South
358,Customer_358,customer_358@example.com,2023-01-21 22:48:39.685819,Bronze,East
359,Customer_359,customer_359@example.com,2025-04-11 22:48:39.685820,Gold,West
360,Customer_360,customer_360@example.com,2025-06-08 22:48:39.685821,Silver,West
361,Customer_361,customer_361@example.com,2023-04-22 22:48:39.685822,Gold,North
362,Customer_362,customer_362@example.com,2024-01-09 22:48:39.685822,Bronze,North
363,Customer_363,customer_363@example.com,2023-05-31 22:48:39.685823,Bronze,East
364,Customer_364,customer_364@example.com,2022-11-20 22:48:39.685824,Bronze,South
365,Customer_365,customer_365@example.com,2024-06-20 22:48:39.685825,Bronze,West
366,Customer_366,customer_366@example.com,2024-12-09 22:48:39.685825,Bronze,East
367,Customer_367,customer_367@example.com,2025-03-09 22:48:39.685826,Bronze,West
368,Customer_368,customer_368@example.com,2022-11-26 22:48:39.685827,Bronze,South
369,Customer_369,customer_369@example.com,2024-04-23 22:48:39.685828,Bronze,West
370,Customer_370,customer_370@example.com,2024-01-25 22:48:39.685828,Bronze,North
371,Customer_371,customer_371@example.com,2023-11-03 22:48:39.685829,Gold,West
372,Customer_372,customer_372@example.com,2025-02-24 22:48:39.685830,Bronze,North
373,Customer_373,customer_373@example.com,2024-04-19 22:48:39.685831,Bronze,East
374,Customer_374,customer_374@example.com,2024-10-12 22:48:39.685831,Bronze,North
375,Customer_375,customer_375@example.com,2023-06-06 22:48:39.685832,Silver,South
376,Customer_376,customer_376@example.com,2023-01-08 22:48:39.685833,Bronze,West
377,Customer_377,customer_377@example.com,2022-11-26 22:48:39.685834,Silver,South
378,Customer_378,customer_378@example.com,2024-03-06 22:48:39.685834,Silver,North
379,Customer_379,customer_379@example.com,2023-06-25 22:48:39.685835,Bronze,North
380,Customer_380,customer_380@example.com,2024-12-28 22:48:39.685836,Bronze,North
381,Customer_381,customer_381@example.com,2023-11-28 22:48:39.685837,Bronze,East
382,Customer_382,customer_382@example.com,2025-02-28 22:48:39.685837,Silver,West
383,Customer_383,customer_383@example.com,2024-11-26 22:48:39.685838,Silver,West
384,Customer_384,customer_384@example.com,2024-06-07 22:48:39.685839,Silver,East
385,Customer_385,customer_385@example.com,2025-03-10 22:48:39.685840,Bronze,West
386,Customer_386,customer_386@example.com,2025-04-24 22:48:39.685840,Gold,North
387,Customer_387,customer_387@example.com,2022-12-06 22:48:39.685841,Bronze,North
388,Customer_388,customer_388@example.com,2024-09-24 22:48:39.685842,Silver,East
389,Customer_389,customer_389@example.com,2024-03-29 22:48:39.685843,Bronze,North
390,Customer_390,customer_390@example.com,2023-07-23 22:48:39.685843,Gold,North
391,Customer_391,customer_391@example.com,2023-09-30 22:48:39.685844,Bronze,South
392,Customer_392,customer_392@example.com,2025-02-19 22:48:39.685845,Bronze,West
393,Customer_393,customer_393@example.com,2025-05-27 22:48:39.685846,Bronze,North
394,Customer_394,customer_394@example.com,2023-03-21 22:48:39.685846,Bronze,West
395,Customer_395,customer_395@example.com,2023-09-22 22:48:39.685847,Bronze,East
396,Customer_396,customer_396@example.com,2023-01-05 22:48:39.685848,Silver,West
397,Customer_397,customer_397@example.com,2025-07-10 22:48:39.685849,Bronze,West
398,Customer_398,customer_398@example.com,2024-02-04 22:48:39.685849,Bronze,West
399,Customer_399,customer_399@example.com,2024-05-09 22:48:39.685850,Bronze,West
400,Customer_400,customer_400@example.com,2023-09-03 22:48:39.685851,Gold,North
401,Customer_401,customer_401@example.com,2023-11-23 22:48:39.685852,Silver,North
402,Customer_402,customer_402@example.com,2024-06-03 22:48:39.685852,Bronze,North
403,Customer_403,customer_403@example.com,2022-12-12 22:48:39.685853,Bronze,West
404,Customer_404,customer_404@example.com,2023-08-31 22:48:39.685854,Bronze,South
405,Customer_405,customer_405@example.com,2023-10-30 22:48:39.685855,Bronze,North
406,Customer_406,customer_406@example.com,2024-04-11 22:48:39.685855,Silver,South
407,Customer_407,customer_407@example.com,2024-05-11 22:48:39.685856,Bronze,North
408,Customer_408,customer_408@example.com,2023-11-14 22:48:39.685857,Bronze,North
409,Customer_409,customer_409@example.com,2025-05-15 22:48:39.685858,Bronze,North
410,Customer_410,customer_410@example.com,2022-12-01 22:48:39.685858,Bronze,South
411,Customer_411,customer_411@example.com,2024-08-25 22:48:39.685859,Bronze,North
412,Customer_412,customer_412@example.com,2024-08-24 22:48:39.685860,Bronze,South
413,Customer_413,customer_413@example.com,2024-05-14 22:48:39.685861,Bronze,East
414,Customer_414,customer_414@example.com,2023-02-28 22:48:39.685861,Silver,North
415,Customer_415,customer_415@example.com,2024-07-24 22:48:39.685862,Silver,East
416,Customer_416,customer_416@example.com,2025-04-01 22:48:39.685863,Bronze,South
417,Customer_417,customer_417@example.com,2023-04-15 22:48:39.685864,Bronze,South
418,Customer_418,customer_418@example.com,2024-09-19 22:48:39.685864,Silver,North
419,Customer_419,customer_419@example.com,2025-03-17 22:48:39.685865,Bronze,South
420,Customer_420,customer_420@example.com,2023-06-16 22:48:39.685866,Silver,South
421,Customer_421,customer_421@example.com,2024-05-02 22:48:39.685867,Bronze,North
422,Customer_422,customer_422@example.com,2022-11-05 22:48:39.685867,Bronze,North
423,Customer_423,customer_423@example.com,2024-11-16 22:48:39.685868,Gold,North
424,Customer_424,customer_424@example.com,2024-08-26 22:48:39.685869,Silver,South
425,Customer_425,customer_425@example.com,2023-05-12 22:48:39.685870,Bronze,South
426,Customer_426,customer_426@example.com,2023-06-30 22:48:39.685870,Silver,South
427,Customer_427,customer_427@example.com,2024-10-19 22:48:39.685871,Bronze,West
428,Customer_428,customer_428@example.com,2025-04-10 22:48:39.685872,Bronze,West
429,Customer_429,customer_429@example.com,2023-09-30 22:48:39.685873,Bronze,West
430,Customer_430,customer_430@example.com,2023-01-16 22:48:39.685873,Bronze,North
431,Customer_431,customer_431@example.com,2023-01-05 22:48:39.685874,Bronze,West
432,Customer_432,customer_432@example.com,2023-11-07 22:48:39.685875,Bronze,North
433,Customer_433,customer_433@example.com,2023-08-07 22:48:39.685876,Bronze,West
434,Customer_434,customer_434@example.com,2024-10-03 22:48:39.685876,Bronze,West
435,Customer_435,customer_435@example.com,2025-03-07 22:48:39.685877,Bronze,South
436,Customer_436,customer_436@example.com,2025-07-13 22:48:39.685878,Silver,South
437,Customer_437,customer_437@example.com,2023-06-07 22:48:39.685879,Bronze,South
438,Customer_438,customer_438@example.com,2022-12-02 22:48:39.685879,Bronze,East
439,Customer_439,customer_439@example.com,2025-06-20 22:48:39.685880,Gold,South
440,Customer_440,customer_440@example.com,2023-12-26 22:48:39.685881,Bronze,East
441,Customer_441,customer_441@example.com,2023-08-20 22:48:39.685882,Silver,East
442,Customer_442,customer_442@example.com,2024-09-27 22:48:39.685882,Bronze,East
443,Customer_443,customer_443@example.com,2025-07-01 22:48:39.685883,Silver,North
444,Customer_444,customer_444@example.com,2023-01-28 22:48:39.685884,Bronze,North
445,Customer_445,customer_445@example.com,2025-01-21 22:48:39.685885,Bronze,South
446,Customer_446,customer_446@example.com,2024-03-26 22:48:39.685885,Gold,South
447,Customer_447,customer_447@example.com,2023-10-23 22:48:39.685886,Gold,North
448,Customer_448,customer_448@example.com,2023-03-06 22:48:39.685887,Bronze,West
449,Customer_449,customer_449@example.com,2025-05-11 22:48:39.685888,Bronze,North
450,Customer_450,customer_450@example.com,2024-06-18 22:48:39.685888,Bronze,East
451,Customer_451,customer_451@example.com,2024-04-19 22:48:39.685889,Bronze,East
452,Customer_452,customer_452@example.com,2024-11-05 22:48:39.685890,Bronze,East
453,Customer_453,customer_453@example.com,2023-05-19 22:48:39.685891,Silver,South
454,Customer_454,customer_454@example.com,2022-12-01 22:48:39.685891,Silver,South
455,Customer_455,customer_455@example.com,2023-05-30 22:48:39.685892,Bronze,West
456,Customer_456,customer_456@example.com,2024-02-29 22:48:39.685893,Silver,West
457,Customer_457,customer_457@example.com,2025-02-12 22:48:39.685894,Gold,North
458,Customer_458,customer_458@example.com,2024-06-14 22:48:39.685894,Bronze,North
459,Customer_459,customer_459@example.com,2023-05-21 22:48:39.685895,Bronze,North
460,Customer_460,customer_460@example.com,2025-02-05 22:48:39.685896,Silver,East
461,Customer_461,customer_461@example.com,2024-06-05 22:48:39.685897,Bronze,East
462,Customer_462,customer_462@example.com,2023-03-19 22:48:39.685897,Bronze,South
463,Customer_463,customer_463@example.com,2024-08-02 22:48:39.685898,Silver,East
464,Customer_464,customer_464@example.com,2024-09-02 22:48:39.685899,Bronze,North
465,Customer_465,customer_465@example.com,2025-06-16 22:48:39.685899,Bronze,South
466,Customer_466,customer_466@example.com,2025-01-15 22:48:39.685900,Silver,East
467,Customer_467,customer_467@example.com,2024-09-27 22:48:39.685901,Silver,East
468,Customer_468,customer_468@example.com,2023-03-15 22:48:39.685902,Bronze,North
469,Customer_469,customer_469@example.com,2023-07-31 22:48:39.685902,Gold,South
470,Customer_470,customer_470@example.com,2023-05-13 22:48:39.685903,Bronze,East
471,Customer_471,customer_471@example.com,2025-03-05 22:48:39.685904,Silver,South
472,Customer_472,customer_472@example.com,2024-01-30 22:48:39.685905,Silver,North
473,Customer_473,customer_473@example.com,2023-09-07 22:48:39.685905,Silver,North
474,Customer_474,customer_474@example.com,2022-12-11 22:48:39.685906,Bronze,East
475,Customer_475,customer_475@example.com,2024-02-24 22:48:39.685907,Bronze,South
476,Customer_476,customer_476@example.com,2023-09-02 22:48:39.685908,Bronze,West
477,Customer_477,customer_477@example.com,2023-05-28 22:48:39.685908,Bronze,South
478,Customer_478,customer_478@example.com,2023-02-05 22:48:39.685909,Gold,North
479,Customer_479,customer_479@example.com,2023-06-18 22:48:39.685910,Bronze,North
480,Customer_480,customer_480@example.com,2022-11-01 22:48:39.685911,Bronze,West
481,Customer_481,customer_481@example.com,2023-06-30 22:48:39.685911,Silver,South
482,Customer_482,customer_482@example.com,2024-08-11 22:48:39.685912,Bronze,East
483,Customer_483,customer_483@example.com,2023-12-18 22:48:39.685913,Bronze,East
484,Customer_484,customer_484@example.com,2024-12-04 22:48:39.685914,Bronze,East
485,Customer_485,customer_485@example.com,2023-10-18 22:48:39.685914,Bronze,South
486,Customer_486,customer_486@example.com,2023-12-16 22:48:39.685915,Bronze,East
487,Customer_487,customer_487@example.com,2023-05-23 22:48:39.685916,Bronze,West
488,Customer_488,customer_488@example.com,2024-01-15 22:48:39.685917,Bronze,North
489,Customer_489,customer_489@example.com,2024-12-24 22:48:39.685917,Bronze,West
490,Customer_490,customer_490@example.com,2023-10-30 22:48:39.685918,Bronze,North
491,Customer_491,customer_491@example.com,2023-08-14 22:48:39.685919,Bronze,East
492,Customer_492,customer_492@example.com,2024-11-18 22:48:39.685920,Bronze,North
493,Customer_493,customer_493@example.com,2023-07-18 22:48:39.685920,Silver,West
494,Customer_494,customer_494@example.com,2022-11-26 22:48:39.685921,Bronze,East
495,Customer_495,customer_495@example.com,2025-01-21 22:48:39.685922,Bronze,East
496,Customer_496,customer_496@example.com,2024-09-24 22:48:39.685923,Silver,South
497,Customer_497,customer_497@example.com,2025-06-19 22:48:39.685923,Silver,North
498,Customer_498,customer_498@example.com,2025-01-11 22:48:39.685924,Bronze,East
499,Customer_499,customer_499@example.com,2024-02-11 22:48:39.685925,Silver,West
500,Customer_500,customer_500@example.com,2024-02-28 22:48:39.685925,Bronze,North
501,Customer_501,customer_501@example.com,2024-03-27 22:48:39.685926,Gold,West
502,Customer_502,customer_502@example.com,2024-04-23 22:48:39.685927,Gold,North
503,Customer_503,customer_503@example.com,2023-05-01 22:48:39.685928,Gold,East
504,Customer_504,customer_504@example.com,2025-05-17 22:48:39.685929,Bronze,North
505,Customer_505,customer_505@example.com,2025-07-01 22:48:39.685929,Bronze,East
506,Customer_506,customer_506@example.com,2023-10-22 22:48:39.685930,Bronze,East
507,Customer_507,customer_507@example.com,2024-11-09 22:48:39.685931,Bronze,East
508,Customer_508,customer_508@example.com,2023-07-16 22:48:39.685931,Bronze,West
509,Customer_509,customer_509@example.com,2023-10-23 22:48:39.685932,Bronze,West
510,Customer_510,customer_510@example.com,2023-03-26 22:48:39.685933,Silver,North
511,Customer_511,customer_511@example.com,2024-04-15 22:48:39.685934,Bronze,South
512,Customer_512,customer_512@example.com,2025-04-06 22:48:39.685934,Gold,South
513,Customer_513,customer_513@example.com,2023-06-11 22:48:39.685935,Bronze,South
514,Customer_514,customer_514@example.com,2025-03-30 22:48:39.685936,Bronze,East
515,Customer_515,customer_515@example.com,2024-08-01 22:48:39.685937,Bronze,East
516,Customer_516,customer_516@example.com,2024-12-31 22:48:39.685937,Bronze,North
517,Customer_517,customer_517@example.com,2023-09-03 22:48:39.685938,Bronze,North
518,Customer_518,customer_518@example.com,2024-10-25 22:48:39.685939,Silver,East
519,Customer_519,customer_519@example.com,2024-01-19 22:48:39.685940,Gold,West
520,Customer_520,customer_520@example.com,2023-06-10 22:48:39.685940,Silver,West
521,Customer_521,customer_521@example.com,2023-11-13 22:48:39.685941,Bronze,East
522,Customer_522,customer_522@example.com,2023-06-14 22:48:39.685942,Bronze,South
523,Customer_523,customer_523@example.com,2023-08-29 22:48:39.685943,Bronze,West
524,Customer_524,customer_524@example.com,2024-04-22 22:48:39.685943,Bronze,North
525,Customer_525,customer_525@example.com,2024-09-08 22:48:39.685944,Bronze,North
526,Customer_526,customer_526@example.com,2025-05-28 22:48:39.685945,Silver,North
527,Customer_527,customer_527@example.com,2025-06-10 22:48:39.685946,Silver,East
528,Customer_528,customer_528@example.com,2025-04-21 22:48:39.685946,Bronze,East
529,Customer_529,customer_529@example.com,2023-09-16 22:48:39.685947,Bronze,West
530,Customer_530,customer_530@example.com,2024-11-24 22:48:39.685948,Gold,South
531,Customer_531,customer_531@example.com,2022-12-01 22:48:39.685949,Bronze,South
532,Customer_532,customer_532@example.com,2025-04-12 22:48:39.685949,Gold,North
533,Customer_533,customer_533@example.com,2024-07-15 22:48:39.685950,Bronze,South
534,Customer_534,customer_534@example.com,2023-02-18 22:48:39.685951,Bronze,North
535,Customer_535,customer_535@example.com,2023-08-09 22:48:39.685951,Gold,West
536,Customer_536,customer_536@example.com,2023-03-29 22:48:39.685952,Bronze,North
537,Customer_537,customer_537@example.com,2023-11-01 22:48:39.685953,Bronze,East
538,Customer_538,customer_538@example.com,2022-11-17 22:48:39.685954,Bronze,South
539,Customer_539,customer_539@example.com,2023-04-27 22:48:39.685954,Gold,South
540,Customer_540,customer_540@example.com,2024-12-31 22:48:39.685955,Silver,North
541,Customer_541,customer_541@example.com,2024-11-08 22:48:39.685956,Bronze,South
542,Customer_542,customer_542@example.com,2022-12-05 22:48:39.685957,Silver,North
543,Customer_543,customer_543@example.com,2023-07-11 22:48:39.685957,Bronze,East
544,Customer_544,customer_544@example.com,2023-05-04 22:48:39.685958,Bronze,South
545,Customer_545,customer_545@example.com,2023-10-21 22:48:39.685959,Bronze,East
546,Customer_546,customer_546@example.com,2023-06-17 22:48:39.685960,Bronze,North
547,Customer_547,customer_547@example.com,2024-03-10 22:48:39.685960,Bronze,North
548,Customer_548,customer_548@example.com,2023-02-20 22:48:39.685961,Silver,East
549,Customer_549,customer_549@example.com,2023-12-17 22:48:39.685962,Bronze,West
550,Customer_550,customer_550@example.com,2024-08-28 22:48:39.685963,Bronze,South
551,Customer_551,customer_551@example.com,2024-05-19 22:48:39.685963,Bronze,East
552,Customer_552,customer_552@example.com,2023-07-16 22:48:39.685964,Bronze,West
553,Customer_553,customer_553@example.com,2024-07-24 22:48:39.685965,Bronze,North
554,Customer_554,customer_554@example.com,2024-10-31 22:48:39.685966,Bronze,West
555,Customer_555,customer_555@example.com,2023-05-29 22:48:39.685966,Bronze,North
556,Customer_556,customer_556@example.com,2024-07-24 22:48:39.685967,Bronze,South
557,Customer_557,customer_557@example.com,2023-04-24 22:48:39.685968,Bronze,East
558,Customer_558,customer_558@example.com,2023-05-18 22:48:39.685969,Bronze,East
559,Customer_559,customer_559@example.com,2022-12-22 22:48:39.685969,Silver,North
560,Customer_560,customer_560@example.com,2023-10-24 22:48:39.685970,Silver,West
561,Customer_561,customer_561@example.com,2023-10-07 22:48:39.685971,Gold,South
562,Customer_562,customer_562@example.com,2024-08-21 22:48:39.685972,Bronze,East
563,Customer_563,customer_563@example.com,2025-03-06 22:48:39.685972,Bronze,West
564,Customer_564,customer_564@example.com,2025-03-03 22:48:39.685973,Bronze,East
565,Customer_565,customer_565@example.com,2023-09-19 22:48:39.685974,Silver,North
566,Customer_566,customer_566@example.com,2022-12-03 22:48:39.685975,Bronze,East
567,Customer_567,customer_567@example.com,2024-02-26 22:48:39.685975,Silver,West
568,Customer_568,customer_568@example.com,2025-01-28 22:48:39.685976,Silver,North
569,Customer_569,customer_569@example.com,2024-10-19 22:48:39.685977,Gold,West
570,Customer_570,customer_570@example.com,2023-03-11 22:48:39.685978,Bronze,West
571,Customer_571,customer_571@example.com,2024-01-08 22:48:39.685978,Silver,North
572,Customer_572,customer_572@example.com,2023-06-15 22:48:39.685979,Bronze,South
573,Customer_573,customer_573@example.com,2025-03-15 22:48:39.685980,Silver,North
574,Customer_574,customer_574@example.com,2024-06-18 22:48:39.685981,Silver,East
575,Customer_575,customer_575@example.com,2025-02-04 22:48:39.685981,Bronze,North
576,Customer_576,customer_576@example.com,2024-07-24 22:48:39.685982,Gold,West
577,Customer_577,customer_577@example.com,2023-01-18 22:48:39.685983,Bronze,South
578,Customer_578,customer_578@example.com,2023-07-19 22:48:39.685984,Bronze,South
579,Customer_579,customer_579@example.com,2024-09-18 22:48:39.685984,Bronze,South
580,Customer_580,customer_580@example.com,2023-01-18 22:48:39.685985,Silver,North
581,Customer_581,customer_581@example.com,2023-02-22 22:48:39.685986,Gold,South
582,Customer_582,customer_582@example.com,2025-03-20 22:48:39.685986,Silver,East
583,Customer_583,customer_583@example.com,2023-02-22 22:48:39.685987,Silver,West
584,Customer_584,customer_584@example.com,2023-07-27 22:48:39.685988,Bronze,East
585,Customer_585,customer_585@example.com,2024-02-29 22:48:39.685989,Silver,South
586,Customer_586,customer_586@example.com,2023-12-05 22:48:39.685990,Gold,North
587,Customer_587,customer_587@example.com,2025-02-04 22:48:39.685990,Silver,South
588,Customer_588,customer_588@example.com,2023-12-13 22:48:39.685991,Silver,East
589,Customer_589,customer_589@example.com,2024-10-06 22:48:39.685992,Bronze,South
590,Customer_590,customer_590@example.com,2024-04-27 22:48:39.685993,Silver,South
591,Customer_591,customer_591@example.com,2024-06-08 22:48:39.685993,Bronze,North
592,Customer_592,customer_592@example.com,2025-03-21 22:48:39.685994,Silver,West
593,Customer_593,customer_593@example.com,2024-01-09 22:48:39.685995,Bronze,West
594,Customer_594,customer_594@example.com,2025-07-05 22:48:39.685996,Gold,East
595,Customer_595,customer_595@example.com,2022-10-27 22:48:39.685996,Silver,East
596,Customer_596,customer_596@example.com,2023-12-22 22:48:39.685997,Bronze,North
597,Customer_597,customer_597@example.com,2024-12-10 22:48:39.685998,Bronze,East
598,Customer_598,customer_598@example.com,2023-05-10 22:48:39.685999,Bronze,West
599,Customer_599,customer_599@example.com,2024-07-20 22:48:39.685999,Bronze,East
600,Customer_600,customer_600@example.com,2023-01-12 22:48:39.686000,Bronze,East
601,Customer_601,customer_601@example.com,2025-03-17 22:48:39.686001,Bronze,North
602,Customer_602,customer_602@example.com,2023-08-18 22:48:39.686002,Silver,South
603,Customer_603,customer_603@example.com,2024-01-25 22:48:39.686003,Bronze,East
604,Customer_604,customer_604@example.com,2024-11-14 22:48:39.686003,Bronze,North
605,Customer_605,customer_605@example.com,2024-01-12 22:48:39.686004,Bronze,West
606,Customer_606,customer_606@example.com,2025-05-14 22:48:39.686005,Bronze,South
607,Customer_607,customer_607@example.com,2023-08-17 22:48:39.686006,Bronze,North
608,Customer_608,customer_608@example.com,2024-05-06 22:48:39.686006,Silver,South
609,Customer_609,customer_609@example.com,2025-06-28 22:48:39.686007,Bronze,West
610,Customer_610,customer_610@example.com,2025-04-17 22:48:39.686008,Bronze,West
611,Customer_611,customer_611@example.com,2023-05-14 22:48:39.686009,Silver,West
612,Customer_612,customer_612@example.com,2023-05-12 22:48:39.686009,Silver,North
613,Customer_613,customer_613@example.com,2023-06-25 22:48:39.686010,Bronze,South
614,Customer_614,customer_614@example.com,2023-01-20 22:48:39.686011,Bronze,South
615,Customer_615,customer_615@example.com,2024-07-26 22:48:39.686012,Bronze,North
616,Customer_616,customer_616@example.com,2022-11-12 22:48:39.686012,Bronze,West
617,Customer_617,customer_617@example.com,2023-08-21 22:48:39.686013,Bronze,South
618,Customer_618,customer_618@example.com,2022-11-12 22:48:39.686014,Bronze,North
619,Customer_619,customer_619@example.com,2024-10-03 22:48:39.686014,Silver,West
620,Customer_620,customer_620@example.com,2022-12-29 22:48:39.686015,Bronze,North
621,Customer_621,customer_621@example.com,2023-12-31 22:48:39.686016,Bronze,East
622,Customer_622,customer_622@example.com,2024-06-27 22:48:39.686017,Bronze,South
623,Customer_623,customer_623@example.com,2024-05-24 22:48:39.686017,Silver,North
624,Customer_624,customer_624@example.com,2024-06-03 22:48:39.686018,Bronze,North
625,Customer_625,customer_625@example.com,2025-05-19 22:48:39.686019,Bronze,South
626,Customer_626,customer_626@example.com,2023-09-22 22:48:39.686020,Silver,North
627,Customer_627,customer_627@example.com,2025-06-30 22:48:39.686020,Silver,South
628,Customer_628,customer_628@example.com,2024-04-08 22:48:39.686021,Bronze,North
629,Customer_629,customer_629@example.com,2023-10-17 22:48:39.686022,Gold,North
630,Customer_630,customer_630@example.com,2024-04-22 22:48:39.686023,Bronze,North
631,Customer_631,customer_631@example.com,2024-10-21 22:48:39.686023,Bronze,North
632,Customer_632,customer_632@example.com,2024-03-18 22:48:39.686024,Silver,South
633,Customer_633,customer_633@example.com,2024-05-05 22:48:39.686025,Bronze,East
634,Customer_634,customer_634@example.com,2023-09-17 22:48:39.686025,Bronze,West
635,Customer_635,customer_635@example.com,2025-01-22 22:48:39.686026,Gold,South
636,Customer_636,customer_636@example.com,2023-08-28 22:48:39.686027,Bronze,East
637,Customer_637,customer_637@example.com,2024-02-21 22:48:39.686028,Gold,North
638,Customer_638,customer_638@example.com,2025-06-20 22:48:39.686028,Silver,North
639,Customer_639,customer_639@example.com,2022-12-21 22:48:39.686029,Silver,North
640,Customer_640,customer_640@example.com,2023-04-02 22:48:39.686030,Silver,South
641,Customer_641,customer_641@example.com,2023-02-21 22:48:39.686031,Bronze,South
642,Customer_642,customer_642@example.com,2025-07-05 22:48:39.686031,Silver,East
643,Customer_643,customer_643@example.com,2022-12-19 22:48:39.686032,Silver,South
644,Customer_644,customer_644@example.com,2024-01-10 22:48:39.686033,Bronze,East
645,Customer_645,customer_645@example.com,2024-04-20 22:48:39.686034,Bronze,West
646,Customer_646,customer_646@example.com,2024-03-06 22:48:39.686034,Bronze,East
647,Customer_647,customer_647@example.com,2023-12-01 22:48:39.686035,Silver,South
648,Customer_648,customer_648@example.com,2025-05-22 22:48:39.686036,Bronze,North
649,Customer_649,customer_649@example.com,2023-10-26 22:48:39.686037,Bronze,South
650,Customer_650,customer_650@example.com,2024-06-27 22:48:39.686037,Silver,East
651,Customer_651,customer_651@example.com,2024-03-04 22:48:39.686038,Gold,West
652,Customer_652,customer_652@example.com,2024-12-14 22:48:39.686039,Bronze,North
653,Customer_653,customer_653@example.com,2023-04-09 22:48:39.686040,Bronze,West
654,Customer_654,customer_654@example.com,2022-12-20 22:48:39.686040,Bronze,East
655,Customer_655,customer_655@example.com,2023-04-11 22:48:39.686041,Bronze,North
656,Customer_656,customer_656@example.com,2024-11-01 22:48:39.686042,Gold,South
657,Customer_657,customer_657@example.com,2024-04-18 22:48:39.686043,Silver,South
658,Customer_658,customer_658@example.com,2023-01-01 22:48:39.686043,Bronze,East
659,Customer_659,customer_659@example.com,2023-02-25 22:48:39.686044,Gold,East
660,Customer_660,customer_660@example.com,2024-09-08 22:48:39.686045,Bronze,East
661,Customer_661,customer_661@example.com,2025-06-16 22:48:39.686046,Bronze,North
662,Customer_662,customer_662@example.com,2024-09-16 22:48:39.686046,Bronze,East
663,Customer_663,customer_663@example.com,2023-04-03 22:48:39.686047,Bronze,South
664,Customer_664,customer_664@example.com,2024-08-18 22:48:39.686048,Bronze,South
665,Customer_665,customer_665@example.com,2023-04-24 22:48:39.686048,Silver,East
666,Customer_666,customer_666@example.com,2023-07-24 22:48:39.686049,Bronze,North
667,Customer_667,customer_667@example.com,2024-05-29 22:48:39.686050,Gold,South
668,Customer_668,customer_668@example.com,2024-05-02 22:48:39.686051,Bronze,North
669,Customer_669,customer_669@example.com,2025-04-18 22:48:39.686051,Bronze,South
670,Customer_670,customer_670@example.com,2024-10-16 22:48:39.686053,Bronze,South
671,Customer_671,customer_671@example.com,2024-05-29 22:48:39.686054,Bronze,West
672,Customer_672,customer_672@example.com,2024-03-03 22:48:39.686055,Silver,West
673,Customer_673,customer_673@example.com,2025-01-24 22:48:39.686055,Gold,South
674,Customer_674,customer_674@example.com,2023-01-21 22:48:39.686056,Silver,East
675,Customer_675,customer_675@example.com,2025-01-24 22:48:39.686057,Gold,South
676,Customer_676,customer_676@example.com,2024-10-08 22:48:39.686058,Bronze,East
677,Customer_677,customer_677@example.com,2022-11-17 22:48:39.686059,Bronze,North
678,Customer_678,customer_678@example.com,2023-07-01 22:48:39.686059,Bronze,North
679,Customer_679,customer_679@example.com,2023-02-08 22:48:39.686060,Bronze,North
680,Customer_680,customer_680@example.com,2024-04-15 22:48:39.686061,Bronze,North
681,Customer_681,customer_681@example.com,2024-08-02 22:48:39.686061,Gold,South
682,Customer_682,customer_682@example.com,2023-08-07 22:48:39.686062,Silver,North
683,Customer_683,customer_683@example.com,2024-10-25 22:48:39.686063,Bronze,East
684,Customer_684,customer_684@example.com,2023-02-13 22:48:39.686064,Bronze,South
685,Customer_685,customer_685@example.com,2024-04-24 22:48:39.686064,Silver,East
686,Customer_686,customer_686@example.com,2023-02-20 22:48:39.686065,Bronze,South
687,Customer_687,customer_687@example.com,2023-09-08 22:48:39.686066,Bronze,North
688,Customer_688,customer_688@example.com,2023-03-14 22:48:39.686067,Bronze,South
689,Customer_689,customer_689@example.com,2024-04-25 22:48:39.686067,Bronze,East
690,Customer_690,customer_690@example.com,2025-03-05 22:48:39.686068,Bronze,North
691,Customer_691,customer_691@example.com,2025-07-02 22:48:39.686069,Silver,South
692,Customer_692,customer_692@example.com,2025-03-01 22:48:39.686070,Silver,North
693,Customer_693,customer_693@example.com,2023-01-05 22:48:39.686070,Gold,South
694,Customer_694,customer_694@example.com,2025-05-19 22:48:39.686071,Silver,East
695,Customer_695,customer_695@example.com,2024-05-31 22:48:39.686072,Bronze,East
696,Customer_696,customer_696@example.com,2023-02-05 22:48:39.686073,Bronze,West
697,Customer_697,customer_697@example.com,2023-06-07 22:48:39.686073,Gold,East
698,Customer_698,customer_698@example.com,2024-02-08 22:48:39.686074,Silver,North
699,Customer_699,customer_699@example.com,2023-10-15 22:48:39.686075,Silver,East
700,Customer_700,customer_700@example.com,2025-04-07 22:48:39.686076,Gold,South
701,Customer_701,customer_701@example.com,2024-02-08 22:48:39.686076,Silver,East
702,Customer_702,customer_702@example.com,2023-01-25 22:48:39.686077,Silver,North
703,Customer_703,customer_703@example.com,2024-01-07 22:48:39.686078,Silver,West
704,Customer_704,customer_704@example.com,2022-11-30 22:48:39.686079,Silver,West
705,Customer_705,customer_705@example.com,2022-12-01 22:48:39.686079,Silver,West
706,Customer_706,customer_706@example.com,2024-08-31 22:48:39.686080,Bronze,North
707,Customer_707,customer_707@example.com,2025-06-07 22:48:39.686081,Bronze,East
708,Customer_708,customer_708@example.com,2023-08-22 22:48:39.686082,Silver,South
709,Customer_709,customer_709@example.com,2025-05-15 22:48:39.686082,Bronze,South
710,Customer_710,customer_710@example.com,2024-10-31 22:48:39.686083,Silver,West
711,Customer_711,customer_711@example.com,2024-08-30 22:48:39.686084,Silver,East
712,Customer_712,customer_712@example.com,2022-11-17 22:48:39.686085,Gold,West
713,Customer_713,customer_713@example.com,2023-12-21 22:48:39.686085,Bronze,South
714,Customer_714,customer_714@example.com,2024-08-19 22:48:39.686086,Bronze,West
715,Customer_715,customer_715@example.com,2024-05-07 22:48:39.686087,Silver,North
716,Customer_716,customer_716@example.com,2023-04-11 22:48:39.686088,Silver,East
717,Customer_717,customer_717@example.com,2025-05-23 22:48:39.686088,Bronze,North
718,Customer_718,customer_718@example.com,2024-08-27 22:48:39.686089,Silver,South
719,Customer_719,customer_719@example.com,2024-10-18 22:48:39.686090,Bronze,North
720,Customer_720,customer_720@example.com,2024-02-06 22:48:39.686091,Bronze,West
721,Customer_721,customer_721@example.com,2023-04-27 22:48:39.686091,Bronze,South
722,Customer_722,customer_722@example.com,2024-04-02 22:48:39.686092,Bronze,West
723,Customer_723,customer_723@example.com,2023-02-26 22:48:39.686093,Bronze,West
724,Customer_724,customer_724@example.com,2024-12-26 22:48:39.686094,Bronze,South
725,Customer_725,customer_725@example.com,2023-02-25 22:48:39.686094,Gold,East
726,Customer_726,customer_726@example.com,2023-10-14 22:48:39.686095,Bronze,North
727,Customer_727,customer_727@example.com,2023-06-13 22:48:39.686096,Bronze,East
728,Customer_728,customer_728@example.com,2023-07-10 22:48:39.686097,Bronze,South
729,Customer_729,customer_729@example.com,2023-04-02 22:48:39.686097,Bronze,South
730,Customer_730,customer_730@example.com,2023-05-01 22:48:39.686098,Bronze,East
731,Customer_731,customer_731@example.com,2023-04-01 22:48:39.686099,Bronze,East
732,Customer_732,customer_732@example.com,2024-12-08 22:48:39.686100,Bronze,West
733,Customer_733,customer_733@example.com,2024-12-27 22:48:39.686100,Silver,East
734,Customer_734,customer_734@example.com,2025-05-03 22:48:39.686101,Bronze,South
735,Customer_735,customer_735@example.com,2024-08-07 22:48:39.686102,Silver,North
736,Customer_736,customer_736@example.com,2024-05-12 22:48:39.686103,Bronze,South
737,Customer_737,customer_737@example.com,2023-06-15 22:48:39.686103,Bronze,North
738,Customer_738,customer_738@example.com,2025-04-12 22:48:39.686104,Bronze,South
739,Customer_739,customer_739@example.com,2023-08-07 22:48:39.686105,Bronze,North
740,Customer_740,customer_740@example.com,2025-03-19 22:48:39.686105,Silver,North
741,Customer_741,customer_741@example.com,2023-04-06 22:48:39.686106,Bronze,South
742,Customer_742,customer_742@example.com,2024-05-06 22:48:39.686107,Silver,South
743,Customer_743,customer_743@example.com,2024-03-12 22:48:39.686108,Silver,East
744,Customer_744,customer_744@example.com,2024-01-14 22:48:39.686108,Silver,North
745,Customer_745,customer_745@example.com,2024-03-02 22:48:39.686109,Bronze,West
746,Customer_746,customer_746@example.com,2024-05-04 22:48:39.686110,Bronze,North
747,Customer_747,customer_747@example.com,2023-11-06 22:48:39.686111,Bronze,North
748,Customer_748,customer_748@example.com,2023-03-20 22:48:39.686111,Silver,East
749,Customer_749,customer_749@example.com,2024-07-19 22:48:39.686112,Bronze,West
750,Customer_750,customer_750@example.com,2023-06-23 22:48:39.686113,Gold,South
751,Customer_751,customer_751@example.com,2023-01-25 22:48:39.686114,Silver,South
752,Customer_752,customer_752@example.com,2023-01-08 22:48:39.686114,Silver,West
753,Customer_753,customer_753@example.com,2024-10-03 22:48:39.686115,Silver,East
754,Customer_754,customer_754@example.com,2023-09-30 22:48:39.686116,Silver,West
755,Customer_755,customer_755@example.com,2024-10-25 22:48:39.686117,Bronze,West
756,Customer_756,customer_756@example.com,2023-09-16 22:48:39.686117,Silver,North
757,Customer_757,customer_757@example.com,2025-01-28 22:48:39.686118,Silver,South
758,Customer_758,customer_758@example.com,2025-06-08 22:48:39.686119,Gold,East
759,Customer_759,customer_759@example.com,2024-11-07 22:48:39.686120,Bronze,West
760,Customer_760,customer_760@example.com,2025-04-15 22:48:39.686120,Bronze,West
761,Customer_761,customer_761@example.com,2023-09-08 22:48:39.686121,Bronze,North
762,Customer_762,customer_762@example.com,2025-03-22 22:48:39.686122,Bronze,South
763,Customer_763,customer_763@example.com,2024-05-01 22:48:39.686123,Bronze,East
764,Customer_764,customer_764@example.com,2024-07-03 22:48:39.686123,Silver,West
765,Customer_765,customer_765@example.com,2022-11-14 22:48:39.686124,Bronze,West
766,Customer_766,customer_766@example.com,2024-05-16 22:48:39.686125,Bronze,East
767,Customer_767,customer_767@example.com,2025-03-24 22:48:39.686126,Silver,North
768,Customer_768,customer_768@example.com,2023-09-29 22:48:39.686126,Bronze,South
769,Customer_769,customer_769@example.com,2023-05-30 22:48:39.686127,Gold,South
770,Customer_770,customer_770@example.com,2023-01-11 22:48:39.686128,Silver,North
771,Customer_771,customer_771@example.com,2024-07-06 22:48:39.686129,Silver,South
772,Customer_772,customer_772@example.com,2024-03-12 22:48:39.686129,Bronze,South
773,Customer_773,customer_773@example.com,2024-08-14 22:48:39.686130,Bronze,South
774,Customer_774,customer_774@example.com,2024-01-04 22:48:39.686131,Silver,East
775,Customer_775,customer_775@example.com,2023-12-29 22:48:39.686132,Gold,South
776,Customer_776,customer_776@example.com,2023-01-15 22:48:39.686132,Gold,East
777,Customer_777,customer_777@example.com,2025-02-11 22:48:39.686133,Silver,West
778,Customer_778,customer_778@example.com,2024-12-13 22:48:39.686134,Bronze,West
779,Customer_779,customer_779@example.com,2023-09-03 22:48:39.686134,Gold,West
780,Customer_780,customer_780@example.com,2023-05-04 22:48:39.686135,Bronze,North
781,Customer_781,customer_781@example.com,2025-01-31 22:48:39.686136,Silver,West
782,Customer_782,customer_782@example.com,2025-04-15 22:48:39.686137,Bronze,West
783,Customer_783,customer_783@example.com,2023-01-27 22:48:39.686137,Bronze,South
784,Customer_784,customer_784@example.com,2023-05-04 22:48:39.686138,Bronze,East
785,Customer_785,customer_785@example.com,2024-08-02 22:48:39.686139,Bronze,South
786,Customer_786,customer_786@example.com,2025-02-06 22:48:39.686140,Gold,South
787,Customer_787,customer_787@example.com,2025-04-29 22:48:39.686140,Bronze,East
788,Customer_788,customer_788@example.com,2023-05-28 22:48:39.686141,Bronze,West
789,Customer_789,customer_789@example.com,2023-05-19 22:48:39.686142,Silver,West
790,Customer_790,customer_790@example.com,2023-07-20 22:48:39.686143,Bronze,South
791,Customer_791,customer_791@example.com,2024-07-18 22:48:39.686143,Bronze,East
792,Customer_792,customer_792@example.com,2023-02-14 22:48:39.686144,Silver,South
793,Customer_793,customer_793@example.com,2023-06-15 22:48:39.686145,Bronze,South
794,Customer_794,customer_794@example.com,2023-05-07 22:48:39.686146,Silver,East
795,Customer_795,customer_795@example.com,2024-04-12 22:48:39.686146,Gold,West
796,Customer_796,customer_796@example.com,2025-01-06 22:48:39.686147,Bronze,East
797,Customer_797,customer_797@example.com,2024-09-04 22:48:39.686148,Bronze,East
798,Customer_798,customer_798@example.com,2023-09-19 22:48:39.686149,Silver,North
799,Customer_799,customer_799@example.com,2023-02-17 22:48:39.686149,Gold,West
800,Customer_800,customer_800@example.com,2025-01-16 22:48:39.686150,Bronze,West
801,Customer_801,customer_801@example.com,2024-01-06 22:48:39.686151,Silver,East
802,Customer_802,customer_802@example.com,2025-06-19 22:48:39.686152,Bronze,South
803,Customer_803,customer_803@example.com,2023-06-12 22:48:39.686152,Bronze,West
804,Customer_804,customer_804@example.com,2024-02-19 22:48:39.686153,Bronze,West
805,Customer_805,customer_805@example.com,2024-02-07 22:48:39.686154,Silver,North
806,Customer_806,customer_806@example.com,2025-01-15 22:48:39.686154,Bronze,South
807,Customer_807,customer_807@example.com,2023-06-17 22:48:39.686155,Silver,South
808,Customer_808,customer_808@example.com,2023-11-12 22:48:39.686156,Bronze,South
809,Customer_809,customer_809@example.com,2022-11-10 22:48:39.686157,Gold,South
810,Customer_810,customer_810@example.com,2023-01-11 22:48:39.686157,Silver,South
811,Customer_811,customer_811@example.com,2024-09-11 22:48:39.686158,Bronze,West
812,Customer_812,customer_812@example.com,2024-01-24 22:48:39.686159,Bronze,North
813,Customer_813,customer_813@example.com,2022-12-11 22:48:39.686160,Bronze,West
814,Customer_814,customer_814@example.com,2024-06-02 22:48:39.686167,Bronze,West
815,Customer_815,customer_815@example.com,2023-11-28 22:48:39.686168,Bronze,South
816,Customer_816,customer_816@example.com,2023-03-29 22:48:39.686169,Bronze,West
817,Customer_817,customer_817@example.com,2022-11-05 22:48:39.686170,Bronze,West
818,Customer_818,customer_818@example.com,2024-12-21 22:48:39.686170,Bronze,North
819,Customer_819,customer_819@example.com,2024-11-21 22:48:39.686171,Bronze,South
820,Customer_820,customer_820@example.com,2025-01-14 22:48:39.686172,Bronze,West
821,Customer_821,customer_821@example.com,2023-04-01 22:48:39.686173,Silver,East
822,Customer_822,customer_822@example.com,2023-10-09 22:48:39.686173,Silver,South
823,Customer_823,customer_823@example.com,2022-10-31 22:48:39.686174,Silver,South
824,Customer_824,customer_824@example.com,2023-02-15 22:48:39.686175,Bronze,West
825,Customer_825,customer_825@example.com,2023-02-19 22:48:39.686176,Bronze,East
826,Customer_826,customer_826@example.com,2023-07-28 22:48:39.686176,Gold,West
827,Customer_827,customer_827@example.com,2024-05-12 22:48:39.686177,Bronze,East
828,Customer_828,customer_828@example.com,2023-08-09 22:48:39.686178,Bronze,West
829,Customer_829,customer_829@example.com,2023-10-30 22:48:39.686179,Bronze,East
830,Customer_830,customer_830@example.com,2025-02-26 22:48:39.686179,Silver,North
831,Customer_831,customer_831@example.com,2023-11-07 22:48:39.686180,Silver,East
832,Customer_832,customer_832@example.com,2024-10-28 22:48:39.686181,Bronze,South
833,Customer_833,customer_833@example.com,2025-01-13 22:48:39.686182,Silver,East
834,Customer_834,customer_834@example.com,2025-05-22 22:48:39.686182,Bronze,South
835,Customer_835,customer_835@example.com,2024-07-04 22:48:39.686183,Silver,West
836,Customer_836,customer_836@example.com,2023-02-02 22:48:39.686184,Bronze,East
837,Customer_837,customer_837@example.com,2023-10-26 22:48:39.686185,Silver,South
838,Customer_838,customer_838@example.com,2023-09-21 22:48:39.686185,Bronze,North
839,Customer_839,customer_839@example.com,2024-03-20 22:48:39.686186,Bronze,South
840,Customer_840,customer_840@example.com,2023-11-07 22:48:39.686187,Bronze,East
841,Customer_841,customer_841@example.com,2024-02-19 22:48:39.686188,Bronze,West
842,Customer_842,customer_842@example.com,2025-03-01 22:48:39.686188,Gold,West
843,Customer_843,customer_843@example.com,2024-11-12 22:48:39.686189,Bronze,North
844,Customer_844,customer_844@example.com,2023-06-05 22:48:39.686190,Silver,West
845,Customer_845,customer_845@example.com,2024-06-27 22:48:39.686190,Bronze,West
846,Customer_846,customer_846@example.com,2024-03-30 22:48:39.686191,Bronze,South
847,Customer_847,customer_847@example.com,2024-09-11 22:48:39.686192,Gold,East
848,Customer_848,customer_848@example.com,2022-10-29 22:48:39.686193,Bronze,East
849,Customer_849,customer_849@example.com,2024-04-16 22:48:39.686194,Silver,North
850,Customer_850,customer_850@example.com,2024-06-25 22:48:39.686194,Bronze,West
851,Customer_851,customer_851@example.com,2025-05-01 22:48:39.686195,Bronze,East
852,Customer_852,customer_852@example.com,2025-06-02 22:48:39.686196,Bronze,West
853,Customer_853,customer_853@example.com,2023-08-11 22:48:39.686196,Bronze,West
854,Customer_854,customer_854@example.com,2025-02-25 22:48:39.686197,Silver,South
855,Customer_855,customer_855@example.com,2025-05-27 22:48:39.686198,Bronze,North
856,Customer_856,customer_856@example.com,2024-08-30 22:48:39.686199,Gold,North
857,Customer_857,customer_857@example.com,2023-01-10 22:48:39.686199,Silver,North
858,Customer_858,customer_858@example.com,2025-03-24 22:48:39.686200,Bronze,South
859,Customer_859,customer_859@example.com,2025-01-02 22:48:39.686201,Bronze,East
860,Customer_860,customer_860@example.com,2023-03-30 22:48:39.686202,Bronze,South
861,Customer_861,customer_861@example.com,2023-12-06 22:48:39.686203,Bronze,South
862,Customer_862,customer_862@example.com,2023-05-18 22:48:39.686203,Bronze,East
863,Customer_863,customer_863@example.com,2024-08-07 22:48:39.686204,Silver,North
864,Customer_864,customer_864@example.com,2024-11-29 22:48:39.686205,Bronze,South
865,Customer_865,customer_865@example.com,2024-06-07 22:48:39.686206,Silver,West
866,Customer_866,customer_866@example.com,2023-05-12 22:48:39.686206,Bronze,South
867,Customer_867,customer_867@example.com,2024-08-25 22:48:39.686207,Bronze,South
868,Customer_868,customer_868@example.com,2023-12-27 22:48:39.686208,Bronze,South
869,Customer_869,customer_869@example.com,2024-04-07 22:48:39.686209,Bronze,East
870,Customer_870,customer_870@example.com,2025-05-18 22:48:39.686209,Bronze,South
871,Customer_871,customer_871@example.com,2023-05-03 22:48:39.686210,Silver,East
872,Customer_872,customer_872@example.com,2025-03-25 22:48:39.686211,Bronze,West
873,Customer_873,customer_873@example.com,2024-05-09 22:48:39.686212,Silver,South
874,Customer_874,customer_874@example.com,2024-06-22 22:48:39.686212,Silver,West
875,Customer_875,customer_875@example.com,2023-08-04 22:48:39.686213,Silver,North
876,Customer_876,customer_876@example.com,2023-05-30 22:48:39.686214,Bronze,North
877,Customer_877,customer_877@example.com,2024-05-01 22:48:39.686215,Gold,East
878,Customer_878,customer_878@example.com,2023-01-17 22:48:39.686215,Bronze,West
879,Customer_879,customer_879@example.com,2023-06-07 22:48:39.686216,Bronze,North
880,Customer_880,customer_880@example.com,2025-01-31 22:48:39.686217,Bronze,East
881,Customer_881,customer_881@example.com,2023-12-01 22:48:39.686217,Bronze,South
882,Customer_882,customer_882@example.com,2024-10-06 22:48:39.686218,Bronze,West
883,Customer_883,customer_883@example.com,2023-02-10 22:48:39.686219,Bronze,West
884,Customer_884,customer_884@example.com,2024-05-21 22:48:39.686220,Bronze,North
885,Customer_885,customer_885@example.com,2023-01-11 22:48:39.686220,Bronze,North
886,Customer_886,customer_886@example.com,2025-05-22 22:48:39.686221,Bronze,East
887,Customer_887,customer_887@example.com,2024-05-31 22:48:39.686222,Bronze,East
888,Customer_888,customer_888@example.com,2023-10-20 22:48:39.686223,Silver,East
889,Customer_889,customer_889@example.com,2025-04-20 22:48:39.686223,Silver,West
890,Customer_890,customer_890@example.com,2025-06-03 22:48:39.686224,Silver,North
891,Customer_891,customer_891@example.com,2024-03-25 22:48:39.686225,Silver,South
892,Customer_892,customer_892@example.com,2023-07-05 22:48:39.686226,Bronze,South
893,Customer_893,customer_893@example.com,2024-12-06 22:48:39.686226,Bronze,West
894,Customer_894,customer_894@example.com,2024-12-07 22:48:39.686227,Bronze,West
895,Customer_895,customer_895@example.com,2023-07-22 22:48:39.686228,Silver,North
896,Customer_896,customer_896@example.com,2024-02-13 22:48:39.686229,Bronze,North
897,Customer_897,customer_897@example.com,2024-08-05 22:48:39.686229,Bronze,South
898,Customer_898,customer_898@example.com,2023-04-02 22:48:39.686230,Silver,North
899,Customer_899,customer_899@example.com,2024-10-09 22:48:39.686231,Silver,North
900,Customer_900,customer_900@example.com,2025-01-03 22:48:39.686232,Silver,East
901,Customer_901,customer_901@example.com,2025-01-27 22:48:39.686232,Bronze,West
902,Customer_902,customer_902@example.com,2023-02-04 22:48:39.686233,Silver,East
903,Customer_903,customer_903@example.com,2024-04-06 22:48:39.686234,Bronze,North
904,Customer_904,customer_904@example.com,2025-04-28 22:48:39.686235,Bronze,South
905,Customer_905,customer_905@example.com,2022-11-03 22:48:39.686235,Silver,South
906,Customer_906,customer_906@example.com,2024-09-16 22:48:39.686236,Bronze,West
907,Customer_907,customer_907@example.com,2025-02-26 22:48:39.686237,Bronze,East
908,Customer_908,customer_908@example.com,2023-04-28 22:48:39.686238,Silver,North
909,Customer_909,customer_909@example.com,2025-03-10 22:48:39.686238,Bronze,South
910,Customer_910,customer_910@example.com,2024-11-26 22:48:39.686239,Gold,East
911,Customer_911,customer_911@example.com,2025-02-05 22:48:39.686240,Bronze,East
912,Customer_912,customer_912@example.com,2024-12-24 22:48:39.686240,Bronze,East
913,Customer_913,customer_913@example.com,2022-12-28 22:48:39.686241,Silver,West
914,Customer_914,customer_914@example.com,2023-01-24 22:48:39.686242,Bronze,North
915,Customer_915,customer_915@example.com,2022-11-14 22:48:39.686243,Bronze,East
916,Customer_916,customer_916@example.com,2024-03-10 22:48:39.686243,Silver,South
917,Customer_917,customer_917@example.com,2024-12-26 22:48:39.686244,Bronze,South
918,Customer_918,customer_918@example.com,2024-04-11 22:48:39.686245,Bronze,West
919,Customer_919,customer_919@example.com,2023-09-07 22:48:39.686246,Bronze,West
920,Customer_920,customer_920@example.com,2024-01-19 22:48:39.686246,Silver,South
921,Customer_921,customer_921@example.com,2024-12-14 22:48:39.686247,Bronze,South
922,Customer_922,customer_922@example.com,2025-07-13 22:48:39.686248,Bronze,North
923,Customer_923,customer_923@example.com,2023-06-05 22:48:39.686249,Bronze,North
924,Customer_924,customer_924@example.com,2022-10-26 22:48:39.686249,Bronze,West
925,Customer_925,customer_925@example.com,2024-09-15 22:48:39.686250,Bronze,East
926,Customer_926,customer_926@example.com,2024-09-02 22:48:39.686251,Silver,West
927,Customer_927,customer_927@example.com,2024-11-01 22:48:39.686252,Bronze,East
928,Customer_928,customer_928@example.com,2023-01-06 22:48:39.686252,Silver,South
929,Customer_929,customer_929@example.com,2024-09-24 22:48:39.686253,Bronze,West
930,Customer_930,customer_930@example.com,2023-07-25 22:48:39.686254,Silver,East
931,Customer_931,customer_931@example.com,2022-11-30 22:48:39.686254,Bronze,North
932,Customer_932,customer_932@example.com,2024-06-27 22:48:39.686255,Silver,West
933,Customer_933,customer_933@example.com,2025-01-25 22:48:39.686256,Bronze,South
934,Customer_934,customer_934@example.com,2025-02-10 22:48:39.686257,Bronze,West
935,Customer_935,customer_935@example.com,2024-07-05 22:48:39.686257,Bronze,North
936,Customer_936,customer_936@example.com,2024-10-25 22:48:39.686258,Silver,North
937,Customer_937,customer_937@example.com,2022-11-12 22:48:39.686259,Silver,West
938,Customer_938,customer_938@example.com,2024-10-02 22:48:39.686260,Silver,South
939,Customer_939,customer_939@example.com,2024-01-19 22:48:39.686260,Bronze,West
940,Customer_940,customer_940@example.com,2023-08-02 22:48:39.686261,Bronze,West
941,Customer_941,customer_941@example.com,2023-03-14 22:48:39.686262,Gold,East
942,Customer_942,customer_942@example.com,2024-05-22 22:48:39.686263,Silver,East
943,Customer_943,customer_943@example.com,2024-02-01 22:48:39.686263,Bronze,East
944,Customer_944,customer_944@example.com,2023-03-05 22:48:39.686264,Silver,South
945,Customer_945,customer_945@example.com,2024-08-13 22:48:39.686265,Silver,West
946,Customer_946,customer_946@example.com,2025-02-24 22:48:39.686266,Gold,West
947,Customer_947,customer_947@example.com,2025-02-14 22:48:39.686266,Bronze,South
948,Customer_948,customer_948@example.com,2024-09-25 22:48:39.686267,Silver,East
949,Customer_949,customer_949@example.com,2024-09-18 22:48:39.686268,Bronze,South
950,Customer_950,customer_950@example.com,2023-05-02 22:48:39.686269,Bronze,South
951,Customer_951,customer_951@example.com,2023-04-26 22:48:39.686269,Bronze,South
952,Customer_952,customer_952@example.com,2024-04-08 22:48:39.686270,Bronze,West
953,Customer_953,customer_953@example.com,2023-01-05 22:48:39.686271,Bronze,North
954,Customer_954,customer_954@example.com,2023-02-05 22:48:39.686272,Silver,North
955,Customer_955,customer_955@example.com,2025-02-21 22:48:39.686272,Bronze,West
956,Customer_956,customer_956@example.com,2023-07-14 22:48:39.686273,Silver,South
957,Customer_957,customer_957@example.com,2023-05-25 22:48:39.686274,Bronze,West
958,Customer_958,customer_958@example.com,2023-05-16 22:48:39.686275,Bronze,East
959,Customer_959,customer_959@example.com,2024-12-21 22:48:39.686275,Bronze,West
960,Customer_960,customer_960@example.com,2024-05-06 22:48:39.686276,Bronze,West
961,Customer_961,customer_961@example.com,2025-01-23 22:48:39.686277,Bronze,East
962,Customer_962,customer_962@example.com,2023-07-21 22:48:39.686277,Bronze,West
963,Customer_963,customer_963@example.com,2023-07-21 22:48:39.686278,Bronze,South
964,Customer_964,customer_964@example.com,2023-09-05 22:48:39.686279,Silver,East
965,Customer_965,customer_965@example.com,2023-11-26 22:48:39.686280,Bronze,North
966,Customer_966,customer_966@example.com,2024-08-29 22:48:39.686280,Bronze,East
967,Customer_967,customer_967@example.com,2023-02-14 22:48:39.686281,Bronze,North
968,Customer_968,customer_968@example.com,2024-07-20 22:48:39.686282,Bronze,North
969,Customer_969,customer_969@example.com,2022-10-28 22:48:39.686283,Bronze,North
970,Customer_970,customer_970@example.com,2024-07-08 22:48:39.686283,Bronze,West
971,Customer_971,customer_971@example.com,2024-11-13 22:48:39.686284,Silver,East
972,Customer_972,customer_972@example.com,2022-12-14 22:48:39.686285,Gold,South
973,Customer_973,customer_973@example.com,2025-03-03 22:48:39.686286,Bronze,West
974,Customer_974,customer_974@example.com,2025-06-23 22:48:39.686286,Gold,East
975,Customer_975,customer_975@example.com,2023-03-02 22:48:39.686287,Silver,North
976,Customer_976,customer_976@example.com,2024-06-24 22:48:39.686288,Bronze,East
977,Customer_977,customer_977@example.com,2024-05-12 22:48:39.686289,Bronze,East
978,Customer_978,customer_978@example.com,2024-06-25 22:48:39.686289,Silver,West
979,Customer_979,customer_979@example.com,2024-06-04 22:48:39.686290,Bronze,East
980,Customer_980,customer_980@example.com,2023-10-31 22:48:39.686291,Bronze,West
981,Customer_981,customer_981@example.com,2025-04-29 22:48:39.686292,Silver,West
982,Customer_982,customer_982@example.com,2022-12-10 22:48:39.686292,Bronze,West
983,Customer_983,customer_983@example.com,2023-08-02 22:48:39.686293,Bronze,West
984,Customer_984,customer_984@example.com,2025-03-17 22:48:39.686294,Gold,North
985,Customer_985,customer_985@example.com,2023-01-21 22:48:39.686294,Bronze,West
986,Customer_986,customer_986@example.com,2024-06-03 22:48:39.686295,Silver,West
987,Customer_987,customer_987@example.com,2023-08-23 22:48:39.686296,Bronze,North
988,Customer_988,customer_988@example.com,2023-04-02 22:48:39.686297,Bronze,North
989,Customer_989,customer_989@example.com,2023-03-10 22:48:39.686297,Silver,South
990,Customer_990,customer_990@example.com,2023-10-25 22:48:39.686298,Bronze,East
991,Customer_991,customer_991@example.com,2024-11-22 22:48:39.686299,Bronze,North
992,Customer_992,customer_992@example.com,2024-02-01 22:48:39.686300,Bronze,West
993,Customer_993,customer_993@example.com,2025-06-06 22:48:39.686300,Bronze,East
994,Customer_994,customer_994@example.com,2024-05-15 22:48:39.686301,Gold,North
995,Customer_995,customer_995@example.com,2025-03-31 22:48:39.686302,Bronze,South
996,Customer_996,customer_996@example.com,2024-09-15 22:48:39.686303,Gold,North
997,Customer_997,customer_997@example.com,2023-04-28 22:48:39.686303,Silver,North
998,Customer_998,customer_998@example.com,2023-09-07 22:48:39.686304,Bronze,South
999,Customer_999,customer_999@example.com,2023-08-10 22:48:39.686305,Bronze,East
1000,Customer_1000,customer_1000@example.com,2023-06-26 22:48:39.686306,Bronze,South
